{
  "auc_roc": 0.9709425247149492,
  "average_precision": 0.9988248841260595,
  "f1_score": 0.9899000025062028,
  "threshold": 0.5
}