{
  "auc_roc": 0.8980199222546161,
  "precision": 0.8641975307575065,
  "recall": 0.022675736961377792,
  "f1_score": 0.04419191919191919,
  "threshold": 4.044051170349121
}